,learning rate,accuracy
0,-3.0,0.8692135810852051
1,-2.75,0.9127160906791687
2,-2.5,0.8779977560043335
3,-2.25,0.7678471803665161
4,-2.0,0.8146960139274597
5,-1.75,0.7661740183830261
6,-1.5,0.05577244982123375
7,-1.25,0.03388176113367081
8,-1.0,0.0694366991519928
9,-0.75,0.03722810745239258
10,-0.5,0.043641939759254456
