,lambda (l2),accuracy
0,0.0,0.9004461765289307
1,0.001,0.8936140537261963
2,0.0017782794100389228,0.8835750222206116
3,0.0031622776601683794,0.8764640092849731
4,0.005623413251903491,0.8618237376213074
5,0.01,0.9125766754150391
6,0.01778279410038923,0.8753485679626465
7,0.03162277660168379,0.8308700323104858
8,0.05623413251903491,0.8634969592094421
9,0.1,0.8502509593963623
10,0.1778279410038923,0.8633574843406677
11,0.31622776601683794,0.8428611159324646
