,lambda (l1),accuracy
0,0,0.881483555
1,0.001,0.871165633
2,0.001778279,0.842303395
3,0.003162278,0.89054656
4,0.005623413,0.837283909
5,0.01,0.869492471
6,0.017782794,0.803123236
7,0.031622777,0.815811515
8,0.056234133,0.813162327
9,0.1,0.689765751
10,0.177827941,0.60108757
11,0.316227766,0.020078082
