,batch size (log),accuracy
0,2.0,0.8047964572906494
1,3.0,0.7883435487747192
2,4.0,0.849693238735199
3,5.0,0.886084794998169
4,6.0,0.9083937406539917
5,7.0,0.8768823146820068
6,8.0,0.8867819309234619
7,9.0,0.9011433124542236
8,10.0,0.846346914768219
